Month,Year,Month_Num,Forecasted_Sales_$
2018-01,2018,1,64142.48392900001
2018-02,2018,2,64027.72799650001
2018-03,2018,3,64064.403396500034
2018-04,2018,4,63665.43608000003
2018-05,2018,5,63547.33982400002
2018-06,2018,6,64374.55172600002
